month,sentiment_score
2019-11,0.2483604651162791
2019-12,0.333970110701107
2020-01,0.4141194444444445
2020-02,0.33033756097560973
2020-03,0.33655906735751295
